,production,yield
fertilizer,0.05349963029500063,0.012045429043553943
pesticide,0.04287334178109854,0.007042468161848333
area,0.051820627124959266,0.01140638825598333
fertilizer_qt,0.08084383336324923,0.05188207948287211
pesticide_qt,0.07739322258010113,0.04698088297443913
waste_per_area,0.5182510641127898,0.9999999518070894
